obj_id	type	parent	mode	uid	gid	size	mtime	rdev	equiv	alias	path
1	dir	1	07777	0	0	4294921435	1604209883	65535	4294967295	����������������������������������������������������������������������������������������������������������������������������������������������������������������	.
125	file	602	07777	0	0	744	1592937691	65535	4294901760	����������������������������������������������������������������������������������������������������������������������������������������������������������������	usr\bin\test-serial
189	file	679	07777	0	0	12788	1596214491	65535	4294901760	����������������������������������������������������������������������������������������������������������������������������������������������������������������	sbin\i2cset
261	dir	1	07777	0	0	4294921435	1604275419	65535	4294967295	����������������������������������������������������������������������������������������������������������������������������������������������������������������	lib
262	file	261	07777	0	0	44296	1602768091	65535	4294901760	����������������������������������������������������������������������������������������������������������������������������������������������������������������	lib\libgcc_s.so
263	file	261	07777	0	0	96340	1602833627	65535	4294901761	����������������������������������������������������������������������������������������������������������������������������������������������������������������	lib\ld-linux.so.3
264	dir	261	07777	0	0	4294921435	1604209883	65535	4294967295	����������������������������������������������������������������������������������������������������������������������������������������������������������������	lib\modules
265	dir	264	07777	0	0	4294921435	1604209883	65535	4294967295	����������������������������������������������������������������������������������������������������������������������������������������������������������������	lib\modules\2.6.27.39
266	dir	265	07777	0	0	4294921435	1604209883	65535	4294967295	����������������������������������������������������������������������������������������������������������������������������������������������������������������	lib\modules\2.6.27.39\kernel
267	dir	266	07777	0	0	4294921435	1604209883	65535	4294967295	����������������������������������������������������������������������������������������������������������������������������������������������������������������	lib\modules\2.6.27.39\kernel\lib
268	file	267	07777	0	0	3626	1587170523	65535	4294901760	����������������������������������������������������������������������������������������������������������������������������������������������������������������	lib\modules\2.6.27.39\kernel\lib\libcrc32c.ko
269	dir	267	07777	0	0	4294921435	1604209883	65535	4294967295	����������������������������������������������������������������������������������������������������������������������������������������������������������������	lib\modules\2.6.27.39\kernel\lib\lzo
270	file	269	07777	0	0	3758	1587170523	65535	4294901760	����������������������������������������������������������������������������������������������������������������������������������������������������������������	lib\modules\2.6.27.39\kernel\lib\lzo\lzo_decompress.ko
271	file	269	07777	0	0	3328	1587170523	65535	4294901760	����������������������������������������������������������������������������������������������������������������������������������������������������������������	lib\modules\2.6.27.39\kernel\lib\lzo\lzo_compress.ko
272	file	267	07777	0	0	2864	1587170523	65535	4294901760	����������������������������������������������������������������������������������������������������������������������������������������������������������������	lib\modules\2.6.27.39\kernel\lib\crc16.ko
273	dir	266	07777	0	0	4294921435	1604209883	65535	4294967295	����������������������������������������������������������������������������������������������������������������������������������������������������������������	lib\modules\2.6.27.39\kernel\crypto
274	file	273	07777	0	0	3318	1587170523	65535	4294901760	����������������������������������������������������������������������������������������������������������������������������������������������������������������	lib\modules\2.6.27.39\kernel\crypto\lzo.ko
275	file	273	07777	0	0	3040	1587170523	65535	4294901760	����������������������������������������������������������������������������������������������������������������������������������������������������������������	lib\modules\2.6.27.39\kernel\crypto\arc4.ko
276	file	273	07777	0	0	5387	1587170523	65535	4294901760	����������������������������������������������������������������������������������������������������������������������������������������������������������������	lib\modules\2.6.27.39\kernel\crypto\salsa20_generic.ko
277	file	273	07777	0	0	11184	1587170523	65535	4294901760	����������������������������������������������������������������������������������������������������������������������������������������������������������������	lib\modules\2.6.27.39\kernel\crypto\gcm.ko
278	file	273	07777	0	0	4829	1587170523	65535	4294901760	����������������������������������������������������������������������������������������������������������������������������������������������������������������	lib\modules\2.6.27.39\kernel\crypto\xts.ko
279	file	273	07777	0	0	4290	1587170523	65535	4294901760	����������������������������������������������������������������������������������������������������������������������������������������������������������������	lib\modules\2.6.27.39\kernel\crypto\ecb.ko
280	file	273	07777	0	0	11393	1587170523	65535	4294901760	����������������������������������������������������������������������������������������������������������������������������������������������������������������	lib\modules\2.6.27.39\kernel\crypto\ccm.ko
281	file	273	07777	0	0	24482	1587170523	65535	4294901760	����������������������������������������������������������������������������������������������������������������������������������������������������������������	lib\modules\2.6.27.39\kernel\crypto\aes_generic.ko
282	file	273	07777	0	0	8353	1587170523	65535	4294901760	����������������������������������������������������������������������������������������������������������������������������������������������������������������	lib\modules\2.6.27.39\kernel\crypto\aead.ko
283	file	273	07777	0	0	14173	1587170523	65535	4294901760	����������������������������������������������������������������������������������������������������������������������������������������������������������������	lib\modules\2.6.27.39\kernel\crypto\rmd320.ko
284	file	273	07777	0	0	221	1587170523	65535	4294901760	����������������������������������������������������������������������������������������������������������������������������������������������������������������	lib\modules\2.6.27.39\kernel\crypto\rmd256.ko
285	file	273	07777	0	0	7510	1587170523	65535	4294901760	����������������������������������������������������������������������������������������������������������������������������������������������������������������	lib\modules\2.6.27.39\kernel\crypto\authenc.ko
286	file	273	07777	0	0	8381	1587170523	65535	4294901760	����������������������������������������������������������������������������������������������������������������������������������������������������������������	lib\modules\2.6.27.39\kernel\crypto\rmd128.ko
287	file	273	07777	0	0	14749	1587170523	65535	4294901760	����������������������������������������������������������������������������������������������������������������������������������������������������������������	lib\modules\2.6.27.39\kernel\crypto\rmd160.ko
288	file	273	07777	0	0	6243	1587170523	65535	4294901760	����������������������������������������������������������������������������������������������������������������������������������������������������������������	lib\modules\2.6.27.39\kernel\crypto\ctr.ko
289	file	273	07777	0	0	5811	1587170523	65535	4294901760	����������������������������������������������������������������������������������������������������������������������������������������������������������������	lib\modules\2.6.27.39\kernel\crypto\seqiv.ko
290	file	273	07777	0	0	6474	1587170523	65535	4294901760	����������������������������������������������������������������������������������������������������������������������������������������������������������������	lib\modules\2.6.27.39\kernel\crypto\cts.ko
291	file	273	07777	0	0	8555	1587170523	65535	4294901760	����������������������������������������������������������������������������������������������������������������������������������������������������������������	lib\modules\2.6.27.39\kernel\crypto\cryptd.ko
292	file	273	07777	0	0	10055	1587170523	65535	4294901760	����������������������������������������������������������������������������������������������������������������������������������������������������������������	lib\modules\2.6.27.39\kernel\crypto\gf128mul.ko
293	file	273	07777	0	0	6594	1587170523	65535	4294901760	����������������������������������������������������������������������������������������������������������������������������������������������������������������	lib\modules\2.6.27.39\kernel\crypto\crypto_hash.ko
294	file	273	07777	0	0	15758	1587170523	65535	4294901760	����������������������������������������������������������������������������������������������������������������������������������������������������������������	lib\modules\2.6.27.39\kernel\crypto\seed.ko
295	dir	266	07777	0	0	4294921435	1604209883	65535	4294967295	����������������������������������������������������������������������������������������������������������������������������������������������������������������	lib\modules\2.6.27.39\kernel\arch
296	dir	295	07777	0	0	4294921435	1604209883	65535	4294967295	����������������������������������������������������������������������������������������������������������������������������������������������������������������	lib\modules\2.6.27.39\kernel\arch\arm
297	dir	296	07777	0	0	4294921435	1604209883	65535	4294967295	����������������������������������������������������������������������������������������������������������������������������������������������������������������	lib\modules\2.6.27.39\kernel\arch\arm\mach-mv88de3010
298	dir	297	07777	0	0	4294921435	1604209883	65535	4294967295	����������������������������������������������������������������������������������������������������������������������������������������������������������������	lib\modules\2.6.27.39\kernel\arch\arm\mach-mv88de3010\modules
299	dir	298	07777	0	0	4294921435	1604209883	65535	4294967295	����������������������������������������������������������������������������������������������������������������������������������������������������������������	lib\modules\2.6.27.39\kernel\arch\arm\mach-mv88de3010\modules\shm
300	file	299	07777	0	0	24767	1587170523	65535	4294901760	����������������������������������������������������������������������������������������������������������������������������������������������������������������	lib\modules\2.6.27.39\kernel\arch\arm\mach-mv88de3010\modules\shm\galois_shm.ko
301	dir	298	07777	0	0	4294921435	1604209883	65535	4294967295	����������������������������������������������������������������������������������������������������������������������������������������������������������������	lib\modules\2.6.27.39\kernel\arch\arm\mach-mv88de3010\modules\regmap
302	file	301	07777	0	0	3047	1587170523	65535	4294901760	����������������������������������������������������������������������������������������������������������������������������������������������������������������	lib\modules\2.6.27.39\kernel\arch\arm\mach-mv88de3010\modules\regmap\regmap.ko
303	dir	266	07777	0	0	4294921435	1604209883	65535	4294967295	����������������������������������������������������������������������������������������������������������������������������������������������������������������	lib\modules\2.6.27.39\kernel\drivers
304	dir	303	07777	0	0	4294921435	1604209883	65535	4294967295	����������������������������������������������������������������������������������������������������������������������������������������������������������������	lib\modules\2.6.27.39\kernel\drivers\media
305	dir	304	07777	0	0	4294921435	1604209883	65535	4294967295	����������������������������������������������������������������������������������������������������������������������������������������������������������������	lib\modules\2.6.27.39\kernel\drivers\media\dvb
306	dir	305	07777	0	0	4294921435	1604209883	65535	4294967295	����������������������������������������������������������������������������������������������������������������������������������������������������������������	lib\modules\2.6.27.39\kernel\drivers\media\dvb\dvb-core
307	file	306	07777	0	0	92671	1587170523	65535	4294901761	����������������������������������������������������������������������������������������������������������������������������������������������������������������	lib\modules\2.6.27.39\kernel\drivers\media\dvb\dvb-core\dvb-core.ko
308	dir	303	07777	0	0	4294921435	1604209883	65535	4294967295	����������������������������������������������������������������������������������������������������������������������������������������������������������������	lib\modules\2.6.27.39\kernel\drivers\scsi
309	file	308	07777	0	0	2218	1587170523	65535	4294901760	����������������������������������������������������������������������������������������������������������������������������������������������������������������	lib\modules\2.6.27.39\kernel\drivers\scsi\scsi_wait_scan.ko
310	dir	303	07777	0	0	4294921435	1604209883	65535	4294967295	����������������������������������������������������������������������������������������������������������������������������������������������������������������	lib\modules\2.6.27.39\kernel\drivers\input
311	dir	310	07777	0	0	4294921435	1604209883	65535	4294967295	����������������������������������������������������������������������������������������������������������������������������������������������������������������	lib\modules\2.6.27.39\kernel\drivers\input\joystick
312	file	311	07777	0	0	22462	1587170523	65535	4294901760	����������������������������������������������������������������������������������������������������������������������������������������������������������������	lib\modules\2.6.27.39\kernel\drivers\input\joystick\owl_spi.ko
313	file	311	07777	0	0	21145	1587170523	65535	4294901760	����������������������������������������������������������������������������������������������������������������������������������������������������������������	lib\modules\2.6.27.39\kernel\drivers\input\joystick\owl.ko
314	file	311	07777	0	0	16843	1587170523	65535	4294901760	����������������������������������������������������������������������������������������������������������������������������������������������������������������	lib\modules\2.6.27.39\kernel\drivers\input\joystick\ol_xpad.ko
315	dir	266	07777	0	0	4294921435	1604209883	65535	4294967295	����������������������������������������������������������������������������������������������������������������������������������������������������������������	lib\modules\2.6.27.39\kernel\fs
316	dir	315	07777	0	0	4294921435	1604209883	65535	4294967295	����������������������������������������������������������������������������������������������������������������������������������������������������������������	lib\modules\2.6.27.39\kernel\fs\nls
317	file	316	07777	0	0	6313	1587170523	65535	4294901760	����������������������������������������������������������������������������������������������������������������������������������������������������������������	lib\modules\2.6.27.39\kernel\fs\nls\nls_cp1251.ko
318	file	316	07777	0	0	6309	1587170523	65535	4294901760	����������������������������������������������������������������������������������������������������������������������������������������������������������������	lib\modules\2.6.27.39\kernel\fs\nls\nls_cp869.ko
319	file	316	07777	0	0	6596	1587170523	65535	4294901760	����������������������������������������������������������������������������������������������������������������������������������������������������������������	lib\modules\2.6.27.39\kernel\fs\nls\nls_cp866.ko
320	file	316	07777	0	0	83913	1587170523	65535	4294901761	����������������������������������������������������������������������������������������������������������������������������������������������������������������	lib\modules\2.6.27.39\kernel\fs\nls\nls_cp932.ko
321	file	316	07777	0	0	6038	1587170523	65535	4294901760	����������������������������������������������������������������������������������������������������������������������������������������������������������������	lib\modules\2.6.27.39\kernel\fs\nls\nls_iso8859-3.ko
322	file	316	07777	0	0	6309	1587170523	65535	4294901760	����������������������������������������������������������������������������������������������������������������������������������������������������������������	lib\modules\2.6.27.39\kernel\fs\nls\nls_cp850.ko
323	file	316	07777	0	0	6600	1587170523	65535	4294901760	����������������������������������������������������������������������������������������������������������������������������������������������������������������	lib\modules\2.6.27.39\kernel\fs\nls\nls_cp1250.ko
324	file	316	07777	0	0	7170	1587170523	65535	4294901760	����������������������������������������������������������������������������������������������������������������������������������������������������������������	lib\modules\2.6.27.39\kernel\fs\nls\nls_cp861.ko
325	file	316	07777	0	0	6309	1587170523	65535	4294901760	����������������������������������������������������������������������������������������������������������������������������������������������������������������	lib\modules\2.6.27.39\kernel\fs\nls\nls_cp852.ko
326	file	316	07777	0	0	6042	1587170523	65535	4294901760	����������������������������������������������������������������������������������������������������������������������������������������������������������������	lib\modules\2.6.27.39\kernel\fs\nls\nls_iso8859-15.ko
327	file	316	07777	0	0	6093	1587170523	65535	4294901760	����������������������������������������������������������������������������������������������������������������������������������������������������������������	lib\modules\2.6.27.39\kernel\fs\nls\nls_cp874.ko
328	file	316	07777	0	0	6600	1587170523	65535	4294901760	����������������������������������������������������������������������������������������������������������������������������������������������������������������	lib\modules\2.6.27.39\kernel\fs\nls\nls_koi8-u.ko
329	file	316	07777	0	0	6883	1587170523	65535	4294901760	����������������������������������������������������������������������������������������������������������������������������������������������������������������	lib\modules\2.6.27.39\kernel\fs\nls\nls_cp864.ko
330	file	316	07777	0	0	5448	1587170523	65535	4294901760	����������������������������������������������������������������������������������������������������������������������������������������������������������������	lib\modules\2.6.27.39\kernel\fs\nls\nls_ascii.ko
331	file	316	07777	0	0	5751	1587170523	65535	4294901760	����������������������������������������������������������������������������������������������������������������������������������������������������������������	lib\modules\2.6.27.39\kernel\fs\nls\nls_iso8859-6.ko
332	file	316	07777	0	0	6038	1587170523	65535	4294901760	����������������������������������������������������������������������������������������������������������������������������������������������������������������	lib\modules\2.6.27.39\kernel\fs\nls\nls_iso8859-4.ko
333	file	316	07777	0	0	6976	1587170523	65535	4294901760	����������������������������������������������������������������������������������������������������������������������������������������������������������������	lib\modules\2.6.27.39\kernel\fs\nls\nls_euc-jp.ko
334	file	316	07777	0	0	6600	1587170523	65535	4294901760	����������������������������������������������������������������������������������������������������������������������������������������������������������������	lib\modules\2.6.27.39\kernel\fs\nls\nls_koi8-r.ko
335	file	316	07777	0	0	7170	1587170523	65535	4294901760	����������������������������������������������������������������������������������������������������������������������������������������������������������������	lib\modules\2.6.27.39\kernel\fs\nls\nls_cp863.ko
336	file	316	07777	0	0	130364	1587170523	65535	4294901761	����������������������������������������������������������������������������������������������������������������������������������������������������������������	lib\modules\2.6.27.39\kernel\fs\nls\nls_cp936.ko
337	file	316	07777	0	0	152491	1587170523	65535	4294901762	����������������������������������������������������������������������������������������������������������������������������������������������������������������	lib\modules\2.6.27.39\kernel\fs\nls\nls_cp949.ko
338	file	316	07777	0	0	7170	1587170523	65535	4294901760	����������������������������������������������������������������������������������������������������������������������������������������������������������������	lib\modules\2.6.27.39\kernel\fs\nls\nls_cp865.ko
339	file	316	07777	0	0	6958	1587170523	65535	4294901760	����������������������������������������������������������������������������������������������������������������������������������������������������������������	lib\modules\2.6.27.39\kernel\fs\nls\nls_cp1255.ko
340	file	316	07777	0	0	106877	1587170523	65535	4294901761	����������������������������������������������������������������������������������������������������������������������������������������������������������������	lib\modules\2.6.27.39\kernel\fs\nls\nls_cp950.ko
341	file	316	07777	0	0	6309	1587170523	65535	4294901760	����������������������������������������������������������������������������������������������������������������������������������������������������������������	lib\modules\2.6.27.39\kernel\fs\nls\nls_cp855.ko
342	file	316	07777	0	0	6042	1587170523	65535	4294901760	����������������������������������������������������������������������������������������������������������������������������������������������������������������	lib\modules\2.6.27.39\kernel\fs\nls\nls_iso8859-14.ko
343	file	316	07777	0	0	7457	1587170523	65535	4294901760	����������������������������������������������������������������������������������������������������������������������������������������������������������������	lib\modules\2.6.27.39\kernel\fs\nls\nls_cp862.ko
344	file	316	07777	0	0	6883	1587170523	65535	4294901760	����������������������������������������������������������������������������������������������������������������������������������������������������������������	lib\modules\2.6.27.39\kernel\fs\nls\nls_cp860.ko
345	file	316	07777	0	0	6038	1587170523	65535	4294901760	����������������������������������������������������������������������������������������������������������������������������������������������������������������	lib\modules\2.6.27.39\kernel\fs\nls\nls_iso8859-5.ko
346	file	316	07777	0	0	5751	1587170523	65535	4294901760	����������������������������������������������������������������������������������������������������������������������������������������������������������������	lib\modules\2.6.27.39\kernel\fs\nls\nls_iso8859-9.ko
347	file	316	07777	0	0	6022	1587170523	65535	4294901760	����������������������������������������������������������������������������������������������������������������������������������������������������������������	lib\modules\2.6.27.39\kernel\fs\nls\nls_cp857.ko
348	file	316	07777	0	0	6038	1587170523	65535	4294901760	����������������������������������������������������������������������������������������������������������������������������������������������������������������	lib\modules\2.6.27.39\kernel\fs\nls\nls_iso8859-2.ko
349	file	316	07777	0	0	6596	1587170523	65535	4294901760	����������������������������������������������������������������������������������������������������������������������������������������������������������������	lib\modules\2.6.27.39\kernel\fs\nls\nls_cp737.ko
350	file	316	07777	0	0	6325	1587170523	65535	4294901760	����������������������������������������������������������������������������������������������������������������������������������������������������������������	lib\modules\2.6.27.39\kernel\fs\nls\nls_iso8859-7.ko
351	file	316	07777	0	0	6596	1587170523	65535	4294901760	����������������������������������������������������������������������������������������������������������������������������������������������������������������	lib\modules\2.6.27.39\kernel\fs\nls\nls_cp775.ko
352	file	316	07777	0	0	6042	1587170523	65535	4294901760	����������������������������������������������������������������������������������������������������������������������������������������������������������������	lib\modules\2.6.27.39\kernel\fs\nls\nls_iso8859-13.ko
353	file	316	07777	0	0	3213	1587170523	65535	4294901760	����������������������������������������������������������������������������������������������������������������������������������������������������������������	lib\modules\2.6.27.39\kernel\fs\nls\nls_koi8-ru.ko
354	file	265	07777	0	0	4895	1587170523	65535	4294901760	����������������������������������������������������������������������������������������������������������������������������������������������������������������	lib\modules\2.6.27.39\modules.usbmap
355	file	265	07777	0	0	74	1587170523	65535	4294901760	����������������������������������������������������������������������������������������������������������������������������������������������������������������	lib\modules\2.6.27.39\modules.ofmap
356	file	265	07777	0	0	4122	1587170523	65535	4294901760	����������������������������������������������������������������������������������������������������������������������������������������������������������������	lib\modules\2.6.27.39\modules.dep
357	file	265	07777	0	0	99	1587170523	65535	4294901760	����������������������������������������������������������������������������������������������������������������������������������������������������������������	lib\modules\2.6.27.39\modules.pcimap
358	file	265	07777	0	0	81	1587170523	65535	4294901760	����������������������������������������������������������������������������������������������������������������������������������������������������������������	lib\modules\2.6.27.39\modules.isapnpmap
359	file	265	07777	0	0	1609	1587170523	65535	4294901760	����������������������������������������������������������������������������������������������������������������������������������������������������������������	lib\modules\2.6.27.39\modules.alias.bin
360	file	265	07777	0	0	3817	1587170523	65535	4294901760	����������������������������������������������������������������������������������������������������������������������������������������������������������������	lib\modules\2.6.27.39\modules.symbols
361	file	265	07777	0	0	6334	1587170523	65535	4294901760	����������������������������������������������������������������������������������������������������������������������������������������������������������������	lib\modules\2.6.27.39\modules.dep.bin
362	file	265	07777	0	0	141	1587170523	65535	4294901760	����������������������������������������������������������������������������������������������������������������������������������������������������������������	lib\modules\2.6.27.39\modules.inputmap
363	file	265	07777	0	0	1731	1587170523	65535	4294901760	����������������������������������������������������������������������������������������������������������������������������������������������������������������	lib\modules\2.6.27.39\modules.alias
364	file	265	07777	0	0	5385	1587170523	65535	4294901760	����������������������������������������������������������������������������������������������������������������������������������������������������������������	lib\modules\2.6.27.39\modules.symbols.bin
365	file	265	07777	0	0	1974	1587170523	65535	4294901760	����������������������������������������������������������������������������������������������������������������������������������������������������������������	lib\modules\2.6.27.39\modules.order
366	file	265	07777	0	0	73	1587170523	65535	4294901760	����������������������������������������������������������������������������������������������������������������������������������������������������������������	lib\modules\2.6.27.39\modules.ieee1394map
367	file	265	07777	0	0	69	1587170523	65535	4294901760	����������������������������������������������������������������������������������������������������������������������������������������������������������������	lib\modules\2.6.27.39\modules.ccwmap
368	file	265	07777	0	0	43	1587170523	65535	4294901760	����������������������������������������������������������������������������������������������������������������������������������������������������������������	lib\modules\2.6.27.39\modules.seriomap
369	file	261	07777	0	0	67792	1602833627	65535	4294901761	����������������������������������������������������������������������������������������������������������������������������������������������������������������	lib\libpthread.so.0
370	file	261	07777	0	0	1123560	1602833627	65535	4294901777	����������������������������������������������������������������������������������������������������������������������������������������������������������������	lib\libc.so.6
371	dir	1	07777	0	0	4294921435	1592937691	65535	4294967295	����������������������������������������������������������������������������������������������������������������������������������������������������������������	etc
372	file	371	07777	0	0	798	1599884507	65535	4294901760	����������������������������������������������������������������������������������������������������������������������������������������������������������������	etc\udhcpc.script
373	file	371	07777	0	0	504	1600277723	65535	4294901760	����������������������������������������������������������������������������������������������������������������������������������������������������������������	etc\fstab
374	dir	371	07777	0	0	4294921435	1604209883	65535	4294967295	����������������������������������������������������������������������������������������������������������������������������������������������������������������	etc\dbus-1
375	file	374	07777	0	0	2654	1592937691	65535	4294901760	����������������������������������������������������������������������������������������������������������������������������������������������������������������	etc\dbus-1\session.conf
376	dir	374	07777	0	0	4294921435	1592937691	65535	4294967295	����������������������������������������������������������������������������������������������������������������������������������������������������������������	etc\dbus-1\event.d
377	dir	374	07777	0	0	4294921435	1592937691	65535	4294967295	����������������������������������������������������������������������������������������������������������������������������������������������������������������	etc\dbus-1\session.d
378	file	374	07777	0	0	2996	1592937691	65535	4294901760	����������������������������������������������������������������������������������������������������������������������������������������������������������������	etc\dbus-1\system.conf
379	dir	374	07777	0	0	4294921435	1592937691	65535	4294967295	����������������������������������������������������������������������������������������������������������������������������������������������������������������	etc\dbus-1\system.d
380	file	379	07777	0	0	1131	1592937691	65535	4294901760	����������������������������������������������������������������������������������������������������������������������������������������������������������������	etc\dbus-1\system.d\bluetooth.conf
381	file	371	07777	0	0	178	1600277723	65535	4294901760	����������������������������������������������������������������������������������������������������������������������������������������������������������������	etc\shadow-
382	file	371	07777	0	0	59	1600277723	65535	4294901760	����������������������������������������������������������������������������������������������������������������������������������������������������������������	etc\shadow
383	dir	371	07777	0	0	4294921435	1604209883	65535	4294967295	����������������������������������������������������������������������������������������������������������������������������������������������������������������	etc\bluetooth
384	file	383	07777	0	0	1236	1592937691	65535	4294901760	����������������������������������������������������������������������������������������������������������������������������������������������������������������	etc\bluetooth\hcid.conf
385	file	383	07777	0	0	297	1592937691	65535	4294901760	����������������������������������������������������������������������������������������������������������������������������������������������������������������	etc\bluetooth\rfcomm.conf
386	file	371	07777	0	0	18464	1600277723	65535	4294901760	����������������������������������������������������������������������������������������������������������������������������������������������������������������	etc\services
387	file	371	07777	0	0	19675	1600277723	65535	4294901760	����������������������������������������������������������������������������������������������������������������������������������������������������������������	etc\mtab
388	file	371	07777	0	0	73	1593003227	65535	4294901760	����������������������������������������������������������������������������������������������������������������������������������������������������������������	etc\ser2net.conf
389	file	371	07777	0	0	19675	1599884507	65535	4294901760	����������������������������������������������������������������������������������������������������������������������������������������������������������������	etc\modules
390	file	371	07777	0	0	192	1600277723	65535	4294901760	����������������������������������������������������������������������������������������������������������������������������������������������������������������	etc\group
391	dir	371	07777	0	0	4294921435	1604209883	65535	4294967295	����������������������������������������������������������������������������������������������������������������������������������������������������������������	etc\network
392	dir	391	07777	0	0	4294921435	1599884507	65535	4294967295	����������������������������������������������������������������������������������������������������������������������������������������������������������������	etc\network\if-up.d
393	file	391	07777	0	0	64	1599884507	65535	4294901760	����������������������������������������������������������������������������������������������������������������������������������������������������������������	etc\network\interfaces
394	dir	391	07777	0	0	4294921435	1599884507	65535	4294967295	����������������������������������������������������������������������������������������������������������������������������������������������������������������	etc\network\if-down.d
395	dir	391	07777	0	0	4294921435	1599884507	65535	4294967295	����������������������������������������������������������������������������������������������������������������������������������������������������������������	etc\network\if-post-down.d
396	dir	391	07777	0	0	4294921435	1599884507	65535	4294967295	����������������������������������������������������������������������������������������������������������������������������������������������������������������	etc\network\if-pre-up.d
397	file	371	07777	0	0	178	1600277723	65535	4294901760	����������������������������������������������������������������������������������������������������������������������������������������������������������������	etc\protocols
398	dir	371	07777	0	0	4294921435	1604209883	65535	4294967295	����������������������������������������������������������������������������������������������������������������������������������������������������������������	etc\rc.d
399	symlink	398	07777	0	0	4294921435	2113227995	65280	4294967295	��../init.d/modules	etc\rc.d\S98modules
400	symlink	398	07777	0	0	4294921435	2113227995	65280	4294967295	��../init.d/networking	etc\rc.d\S26networking
401	symlink	398	07777	0	0	4294921435	2113162459	65280	4294967295	��../init.d/onlive	etc\rc.d\S99_onlive
402	symlink	398	07777	0	0	4294921435	2113162459	65280	4294967295	��../init.d/mdev	etc\rc.d\S00_mdev
403	symlink	398	07777	0	0	4294921435	2113162459	65280	4294967295	��../init.d/syslogd	etc\rc.d\S08syslog
404	symlink	398	07777	0	0	4294921435	2113162459	65280	4294967295	��../init.d/dbus	etc\rc.d\S12dbus
405	file	371	07777	0	0	328	1600277723	65535	4294901760	����������������������������������������������������������������������������������������������������������������������������������������������������������������	etc\passwd
406	dir	371	07777	0	0	4294921435	1604209883	65535	4294967295	����������������������������������������������������������������������������������������������������������������������������������������������������������������	etc\ifplugd
407	file	406	07777	0	0	968	1597197531	65535	4294901760	����������������������������������������������������������������������������������������������������������������������������������������������������������������	etc\ifplugd\ifplugd.action
408	file	371	07777	0	0	300	1600277723	65535	4294901760	����������������������������������������������������������������������������������������������������������������������������������������������������������������	etc\nsswitch.conf
409	symlink	371	07777	0	0	4294921435	2113162459	65280	4294967295	��/tmp/resolv.conf	etc\resolv.conf
410	file	371	07777	0	0	20	1600277723	65535	4294901760	����������������������������������������������������������������������������������������������������������������������������������������������������������������	etc\hosts
411	file	371	07777	0	0	561	1600277723	65535	4294901760	����������������������������������������������������������������������������������������������������������������������������������������������������������������	etc\profile
412	dir	371	07777	0	0	4294921435	1604209883	65535	4294967295	����������������������������������������������������������������������������������������������������������������������������������������������������������������	etc\init.d
413	file	412	07777	0	0	875	1599884507	65535	4294901760	����������������������������������������������������������������������������������������������������������������������������������������������������������������	etc\init.d\networking
414	file	412	07777	0	0	488	1593003227	65535	4294901760	����������������������������������������������������������������������������������������������������������������������������������������������������������������	etc\init.d\onlive
415	file	412	07777	0	0	314	1599884507	65535	4294901760	����������������������������������������������������������������������������������������������������������������������������������������������������������������	etc\init.d\syslogd
416	file	412	07777	0	0	65	1593003227	65535	4294901760	����������������������������������������������������������������������������������������������������������������������������������������������������������������	etc\init.d\gcinit
417	file	412	07777	0	0	1817	1592937691	65535	4294901760	����������������������������������������������������������������������������������������������������������������������������������������������������������������	etc\init.d\dbus
418	file	412	07777	0	0	625	1599884507	65535	4294901760	����������������������������������������������������������������������������������������������������������������������������������������������������������������	etc\init.d\modules
419	file	412	07777	0	0	140	1593003227	65535	4294901760	����������������������������������������������������������������������������������������������������������������������������������������������������������������	etc\init.d\mdev
420	file	412	07777	0	0	470	1599884507	65535	4294901760	����������������������������������������������������������������������������������������������������������������������������������������������������������������	etc\init.d\rcS
421	file	371	07777	0	0	168	1599884507	65535	4294901760	����������������������������������������������������������������������������������������������������������������������������������������������������������������	etc\inittab
422	file	371	07777	0	0	13	1600277723	65535	4294901760	����������������������������������������������������������������������������������������������������������������������������������������������������������������	etc\hostname
423	dir	1	07777	0	0	4294921435	1600212187	65535	4294967295	����������������������������������������������������������������������������������������������������������������������������������������������������������������	proc
424	dir	1	07777	0	0	4294921435	2113227995	65535	4294967295	����������������������������������������������������������������������������������������������������������������������������������������������������������������	onlive
425	file	424	07777	0	0	10	1593003227	65535	4294901760	����������������������������������������������������������������������������������������������������������������������������������������������������������������	onlive\rootfs.version
426	file	424	07777	0	0	10	2113227995	65535	4294901760	����������������������������������������������������������������������������������������������������������������������������������������������������������������	onlive\update.version
427	file	424	07777	0	0	10	2113227995	65535	4294901760	����������������������������������������������������������������������������������������������������������������������������������������������������������������	onlive\uimage.version
428	dir	424	07777	0	0	4294921435	2113227995	65535	4294967295	����������������������������������������������������������������������������������������������������������������������������������������������������������������	onlive\owl
429	file	428	07777	0	0	100	2113227995	65535	4294901760	����������������������������������������������������������������������������������������������������������������������������������������������������������������	onlive\owl\version.h
430	file	428	07777	0	0	32364	2113227995	65535	4294901760	����������������������������������������������������������������������������������������������������������������������������������������������������������������	onlive\owl\owl_gamepad_full_enc.owl
431	file	428	07777	0	0	28188	2113227995	65535	4294901760	����������������������������������������������������������������������������������������������������������������������������������������������������������������	onlive\owl\owl_host_full_enc.owl
432	dir	424	07777	0	0	4294921435	1593003227	65535	4294967295	����������������������������������������������������������������������������������������������������������������������������������������������������������������	onlive\bin
433	dir	1	07777	0	0	4294921435	2113227995	65535	4294967295	����������������������������������������������������������������������������������������������������������������������������������������������������������������	home
434	file	433	07777	0	0	11067	2113227995	65535	4294901760	����������������������������������������������������������������������������������������������������������������������������������������������������������������	home\mc_reboot
435	file	433	07777	0	0	22282	2113227995	65535	4294901760	����������������������������������������������������������������������������������������������������������������������������������������������������������������	home\SetRes
436	file	433	07777	0	0	17407	2113227995	65535	4294901760	����������������������������������������������������������������������������������������������������������������������������������������������������������������	home\mc_hwinit
437	file	433	07777	0	0	16579	2113227995	65535	4294901760	����������������������������������������������������������������������������������������������������������������������������������������������������������������	home\FilePlayer
438	file	433	07777	0	0	17472	2113227995	65535	4294901760	����������������������������������������������������������������������������������������������������������������������������������������������������������������	home\get_keystore
439	file	433	07777	0	0	22282	2113227995	65535	4294901760	����������������������������������������������������������������������������������������������������������������������������������������������������������������	home\HDMI_Service
440	file	433	07777	0	0	15360	2113227995	65535	4294901760	����������������������������������������������������������������������������������������������������������������������������������������������������������������	home\mpeg2VideoPlayer
441	file	433	07777	0	0	17268	2113227995	65535	4294901760	����������������������������������������������������������������������������������������������������������������������������������������������������������������	home\owl_monitor
442	file	433	07777	0	0	8322	2113227995	65535	4294901760	����������������������������������������������������������������������������������������������������������������������������������������������������������������	home\svr
443	file	433	07777	0	0	16579	2113227995	65535	4294901760	����������������������������������������������������������������������������������������������������������������������������������������������������������������	home\playback
444	file	433	07777	0	0	31472	2113227995	65535	4294901760	����������������������������������������������������������������������������������������������������������������������������������������������������������������	home\mc_update
445	dir	1	07777	0	0	4294921435	1593003227	65535	4294967295	����������������������������������������������������������������������������������������������������������������������������������������������������������������	configuration
446	dir	1	07777	0	0	4294921435	1604209883	65535	4294967295	����������������������������������������������������������������������������������������������������������������������������������������������������������������	var
447	dir	446	07777	0	0	4294921435	1600277723	65535	4294967295	����������������������������������������������������������������������������������������������������������������������������������������������������������������	var\log
448	dir	446	07777	0	0	4294921435	1600277723	65535	4294967295	����������������������������������������������������������������������������������������������������������������������������������������������������������������	var\run
449	dir	446	07777	0	0	4294921435	1600277723	65535	4294967295	����������������������������������������������������������������������������������������������������������������������������������������������������������������	var\lock
450	dir	1	07777	0	0	4294921435	1600212187	65535	4294967295	����������������������������������������������������������������������������������������������������������������������������������������������������������������	mnt
451	dir	1	07777	0	0	4294921435	1600212187	65535	4294967295	����������������������������������������������������������������������������������������������������������������������������������������������������������������	sys
452	dir	1	07777	0	0	4294921435	1604209883	65535	4294967295	����������������������������������������������������������������������������������������������������������������������������������������������������������������	bin
453	symlink	452	07777	0	0	4294921435	2113162459	65280	4294967295	��/bin/busybox	bin\su
454	symlink	452	07777	0	0	4294921435	2113162459	65280	4294967295	��/bin/busybox	bin\egrep
455	symlink	452	07777	0	0	4294921435	2113162459	65280	4294967295	��/bin/busybox	bin\fgrep
456	symlink	452	07777	0	0	4294921435	2113162459	65280	4294967295	��/bin/busybox	bin\pidof
457	symlink	452	07777	0	0	4294921435	2113162459	65280	4294967295	��/bin/busybox	bin\sh
458	symlink	452	07777	0	0	4294921435	2113162459	65280	4294967295	��/bin/busybox	bin\chown
459	symlink	452	07777	0	0	4294921435	2113162459	65280	4294967295	��/bin/busybox	bin\rm
460	symlink	452	07777	0	0	4294921435	2113162459	65280	4294967295	��/bin/busybox	bin\mv
461	symlink	452	07777	0	0	4294921435	2113162459	65280	4294967295	��/bin/busybox	bin\rmdir
462	file	452	07777	0	0	5280	1600212187	65535	4294901760	����������������������������������������������������������������������������������������������������������������������������������������������������������������	bin\lsmod
463	symlink	452	07777	0	0	4294921435	2113162459	65280	4294967295	��/bin/busybox	bin\netstat
464	symlink	452	07777	0	0	4294921435	2113162459	65280	4294967295	��/bin/busybox	bin\cat
465	file	452	07777	0	0	367776	1599818971	65535	4294901765	����������������������������������������������������������������������������������������������������������������������������������������������������������������	bin\busybox
466	symlink	452	07777	0	0	4294921435	2113162459	65280	4294967295	��/bin/busybox	bin\more
467	symlink	452	07777	0	0	4294921435	2113162459	65280	4294967295	��/bin/busybox	bin\umount
468	symlink	452	07777	0	0	4294921435	2113162459	65280	4294967295	��/bin/busybox	bin\true
469	symlink	452	07777	0	0	4294921435	2113162459	65280	4294967295	��/bin/busybox	bin\ping
470	symlink	452	07777	0	0	4294921435	2113162459	65280	4294967295	��/bin/busybox	bin\sleep
471	symlink	452	07777	0	0	4294921435	2113162459	65280	4294967295	��/bin/busybox	bin\dmesg
472	symlink	452	07777	0	0	4294921435	2113162459	65280	4294967295	��/bin/busybox	bin\usleep
473	symlink	452	07777	0	0	4294921435	2113162459	65280	4294967295	��/bin/busybox	bin\ps
474	symlink	452	07777	0	0	4294921435	2113162459	65280	4294967295	��/bin/busybox	bin\ash
475	symlink	452	07777	0	0	4294921435	2113096923	65280	4294967295	��/bin/busybox	bin\chgrp
476	symlink	452	07777	0	0	4294921435	2113096923	65280	4294967295	��/bin/busybox	bin\sed
477	symlink	452	07777	0	0	4294921435	2113096923	65280	4294967295	��/bin/busybox	bin\false
478	symlink	452	07777	0	0	4294921435	2113096923	65280	4294967295	��/bin/busybox	bin\sync
479	symlink	452	07777	0	0	4294921435	2113096923	65280	4294967295	��/bin/busybox	bin\echo
480	symlink	452	07777	0	0	4294921435	2113096923	65280	4294967295	��/bin/busybox	bin\dd
481	symlink	452	07777	0	0	4294921435	2113096923	65280	4294967295	��/bin/busybox	bin\touch
482	symlink	452	07777	0	0	4294921435	2113096923	65280	4294967295	��/bin/busybox	bin\vi
483	symlink	452	07777	0	0	4294921435	2113096923	65280	4294967295	��/bin/busybox	bin\watch
484	symlink	452	07777	0	0	4294921435	2113096923	65280	4294967295	��/bin/busybox	bin\mknod
485	symlink	452	07777	0	0	4294921435	2113096923	65280	4294967295	��/bin/busybox	bin\cp
486	symlink	452	07777	0	0	4294921435	2113096923	65280	4294967295	��/bin/busybox	bin\mount
487	symlink	452	07777	0	0	4294921435	2113096923	65280	4294967295	��/bin/busybox	bin\grep
488	symlink	452	07777	0	0	4294921435	2113096923	65280	4294967295	��/bin/busybox	bin\date
489	symlink	452	07777	0	0	4294921435	2113096923	65280	4294967295	��/bin/busybox	bin\mkdir
490	symlink	452	07777	0	0	4294921435	2113096923	65280	4294967295	��/bin/busybox	bin\uname
491	symlink	452	07777	0	0	4294921435	2113096923	65280	4294967295	��/bin/busybox	bin\cttyhack
492	symlink	452	07777	0	0	4294921435	2113096923	65280	4294967295	��/bin/busybox	bin\chmod
493	symlink	452	07777	0	0	4294921435	2113096923	65280	4294967295	��/bin/busybox	bin\ln
494	symlink	452	07777	0	0	4294921435	2113096923	65280	4294967295	��/bin/busybox	bin\hostname
495	symlink	452	07777	0	0	4294921435	2113096923	65280	4294967295	��/bin/busybox	bin\ls
496	symlink	452	07777	0	0	4294921435	2113096923	65280	4294967295	��/bin/busybox	bin\ip
497	symlink	452	07777	0	0	4294921435	2113096923	65280	4294967295	��/bin/busybox	bin\login
498	symlink	452	07777	0	0	4294921435	2113096923	65280	4294967295	��/bin/busybox	bin\kill
499	symlink	452	07777	0	0	4294921435	2113096923	65280	4294967295	��/bin/busybox	bin\df
500	symlink	452	07777	0	0	4294921435	2113031387	65280	4294967295	��/bin/busybox	bin\pwd
501	symlink	452	07777	0	0	4294921435	2113031387	65280	4294967295	��/bin/busybox	bin\run-parts
502	symlink	1	07777	0	0	4294921435	2113031387	65280	4294967295	��/bin/busybox	linuxrc
503	dir	1	07777	0	0	4294921435	2113227995	65535	4294967295	����������������������������������������������������������������������������������������������������������������������������������������������������������������	client
504	file	503	07777	0	0	13870435	2113227995	65535	4294901971	����������������������������������������������������������������������������������������������������������������������������������������������������������������	client\rt_client_d
505	dir	1	07777	0	0	4294921435	1597197531	65535	4294967295	����������������������������������������������������������������������������������������������������������������������������������������������������������������	usr
506	dir	505	07777	0	0	4294921435	2113227995	65535	4294967295	����������������������������������������������������������������������������������������������������������������������������������������������������������������	usr\lib
507	symlink	506	07777	0	0	4294921435	2112834779	65280	4294967295	��liblzo2.so.2.0.0	usr\lib\liblzo2.so
508	file	506	07777	0	0	59144	1602833627	65535	4294901760	����������������������������������������������������������������������������������������������������������������������������������������������������������������	usr\lib\libresolv.so
509	symlink	506	07777	0	0	4294921435	2113031387	65280	4294967295	��/usr/lib/libm.so	usr\lib\libm.so.6
510	file	506	07777	0	0	9632	1602833627	65535	4294901760	����������������������������������������������������������������������������������������������������������������������������������������������������������������	usr\lib\libutil.so
511	symlink	506	07777	0	0	4294921435	2112834779	65280	4294967295	��libz.so.1.2.3	usr\lib\libz.so
512	file	506	07777	0	0	211000	1592937691	65535	4294901763	����������������������������������������������������������������������������������������������������������������������������������������������������������������	usr\lib\libdbus-1.so.3.4.0
513	symlink	506	07777	0	0	4294921435	2112834779	65280	4294967295	��libdaemon.so.0.3.1	usr\lib\libdaemon.so.0
514	file	506	07777	0	0	17824	1602833627	65535	4294901760	����������������������������������������������������������������������������������������������������������������������������������������������������������������	usr\lib\libnss_dns.so
515	symlink	506	07777	0	0	4294921435	2113031387	65280	4294967295	��/usr/lib/libnss_files.so	usr\lib\libnss_files.so.2
516	symlink	506	07777	0	0	4294921435	2112834779	65280	4294967295	��libbluetooth.so.2.11.2	usr\lib\libbluetooth.so
517	symlink	506	07777	0	0	4294921435	2112834779	65280	4294967295	��libexpat.so.1.5.2	usr\lib\libexpat.so
518	dir	506	07777	0	0	4294921435	1604209883	65535	4294967295	����������������������������������������������������������������������������������������������������������������������������������������������������������������	usr\lib\bluetooth
519	dir	518	07777	0	0	4294921435	1604209883	65535	4294967295	����������������������������������������������������������������������������������������������������������������������������������������������������������������	usr\lib\bluetooth\plugins
520	file	519	07777	0	0	97724	1592937691	65535	4294901761	����������������������������������������������������������������������������������������������������������������������������������������������������������������	usr\lib\bluetooth\plugins\audio.so
521	file	519	07777	0	0	40056	1592937691	65535	4294901760	����������������������������������������������������������������������������������������������������������������������������������������������������������������	usr\lib\bluetooth\plugins\network.so
522	file	519	07777	0	0	35264	1592937691	65535	4294901760	����������������������������������������������������������������������������������������������������������������������������������������������������������������	usr\lib\bluetooth\plugins\input.so
523	file	519	07777	0	0	33024	1592937691	65535	4294901760	����������������������������������������������������������������������������������������������������������������������������������������������������������������	usr\lib\bluetooth\plugins\serial.so
524	file	506	07777	0	0	26172	1602833627	65535	4294901760	����������������������������������������������������������������������������������������������������������������������������������������������������������������	usr\lib\libthread_db.so
525	file	506	07777	0	0	116392	1596148955	65535	4294901761	����������������������������������������������������������������������������������������������������������������������������������������������������������������	usr\lib\liblzo2.so.2.0.0
526	symlink	506	07777	0	0	4294921435	2112834779	65280	4294967295	��liblzo2.so.2.0.0	usr\lib\liblzo2.so.2
527	dir	506	07777	0	0	4294921435	1604275419	65535	4294967295	����������������������������������������������������������������������������������������������������������������������������������������������������������������	usr\lib\ipkg
528	file	527	07777	0	0	2460	1604275419	65535	4294901760	����������������������������������������������������������������������������������������������������������������������������������������������������������������	usr\lib\ipkg\status
529	dir	527	07777	0	0	4294921435	1604209883	65535	4294967295	����������������������������������������������������������������������������������������������������������������������������������������������������������������	usr\lib\ipkg\lists
530	dir	527	07777	0	0	4294921435	1604275419	65535	4294967295	����������������������������������������������������������������������������������������������������������������������������������������������������������������	usr\lib\ipkg\info
531	file	530	07777	0	0	239	1602768091	65535	4294901760	����������������������������������������������������������������������������������������������������������������������������������������������������������������	usr\lib\ipkg\info\coreutils.control
532	file	530	07777	0	0	217	1592937691	65535	4294901760	����������������������������������������������������������������������������������������������������������������������������������������������������������������	usr\lib\ipkg\info\bluez-utils.control
533	file	530	07777	0	0	201	1599818971	65535	4294901760	����������������������������������������������������������������������������������������������������������������������������������������������������������������	usr\lib\ipkg\info\busybox.postinst
534	file	530	07777	0	0	237	1602768091	65535	4294901760	����������������������������������������������������������������������������������������������������������������������������������������������������������������	usr\lib\ipkg\info\gcclibs.control
535	file	530	07777	0	0	234	1596148955	65535	4294901760	����������������������������������������������������������������������������������������������������������������������������������������������������������������	usr\lib\ipkg\info\liblzo.control
536	file	530	07777	0	0	69	1604275419	65535	4294901760	����������������������������������������������������������������������������������������������������������������������������������������������������������������	usr\lib\ipkg\info\ifplugd.list
537	file	530	07777	0	0	74	1604275419	65535	4294901760	����������������������������������������������������������������������������������������������������������������������������������������������������������������	usr\lib\ipkg\info\libdaemon.list
538	file	530	07777	0	0	1354	1604275419	65535	4294901760	����������������������������������������������������������������������������������������������������������������������������������������������������������������	usr\lib\ipkg\info\busybox.list
539	file	530	07777	0	0	84	1604275419	65535	4294901760	����������������������������������������������������������������������������������������������������������������������������������������������������������������	usr\lib\ipkg\info\bluez-libs.list
540	file	530	07777	0	0	68	1604275419	65535	4294901760	����������������������������������������������������������������������������������������������������������������������������������������������������������������	usr\lib\ipkg\info\liblzo.list
541	file	530	07777	0	0	239	1592937691	65535	4294901760	����������������������������������������������������������������������������������������������������������������������������������������������������������������	usr\lib\ipkg\info\bluez-libs.control
542	file	530	07777	0	0	235	1592937691	65535	4294901760	����������������������������������������������������������������������������������������������������������������������������������������������������������������	usr\lib\ipkg\info\expat.control
543	file	530	07777	0	0	16	1604275419	65535	4294901760	����������������������������������������������������������������������������������������������������������������������������������������������������������������	usr\lib\ipkg\info\coreutils.list
544	file	530	07777	0	0	188	1604275419	65535	4294901760	����������������������������������������������������������������������������������������������������������������������������������������������������������������	usr\lib\ipkg\info\rootfs.list
545	file	530	07777	0	0	248	1587170523	65535	4294901760	����������������������������������������������������������������������������������������������������������������������������������������������������������������	usr\lib\ipkg\info\kernel-modules.control
546	file	530	07777	0	0	247	1599884507	65535	4294901760	����������������������������������������������������������������������������������������������������������������������������������������������������������������	usr\lib\ipkg\info\initmethod-bbinit.control
547	file	530	07777	0	0	233	1602833627	65535	4294901760	����������������������������������������������������������������������������������������������������������������������������������������������������������������	usr\lib\ipkg\info\glibc.control
548	file	530	07777	0	0	236	1597197531	65535	4294901760	����������������������������������������������������������������������������������������������������������������������������������������������������������������	usr\lib\ipkg\info\ifplugd.control
549	file	530	07777	0	0	238	1599818971	65535	4294901760	����������������������������������������������������������������������������������������������������������������������������������������������������������������	usr\lib\ipkg\info\busybox.control
550	file	530	07777	0	0	204	1593003227	65535	4294901760	����������������������������������������������������������������������������������������������������������������������������������������������������������������	usr\lib\ipkg\info\setsil9034.control
551	file	530	07777	0	0	239	1596214491	65535	4294901760	����������������������������������������������������������������������������������������������������������������������������������������������������������������	usr\lib\ipkg\info\i2c-tools.control
552	file	530	07777	0	0	59	1604275419	65535	4294901760	����������������������������������������������������������������������������������������������������������������������������������������������������������������	usr\lib\ipkg\info\zlib.list
553	file	530	07777	0	0	17	1604275419	65535	4294901760	����������������������������������������������������������������������������������������������������������������������������������������������������������������	usr\lib\ipkg\info\ser2net.list
554	file	530	07777	0	0	69	1604275419	65535	4294901760	����������������������������������������������������������������������������������������������������������������������������������������������������������������	usr\lib\ipkg\info\mtd-utils.list
555	file	530	07777	0	0	20	1604275419	65535	4294901760	����������������������������������������������������������������������������������������������������������������������������������������������������������������	usr\lib\ipkg\info\setsil9034.list
556	file	530	07777	0	0	239	1596148955	65535	4294901760	����������������������������������������������������������������������������������������������������������������������������������������������������������������	usr\lib\ipkg\info\zlib.control
557	file	530	07777	0	0	275	1604275419	65535	4294901760	����������������������������������������������������������������������������������������������������������������������������������������������������������������	usr\lib\ipkg\info\dbus.list
558	file	530	07777	0	0	245	1600212187	65535	4294901760	����������������������������������������������������������������������������������������������������������������������������������������������������������������	usr\lib\ipkg\info\module-init-tools.control
559	file	530	07777	0	0	200	1593003227	65535	4294901760	����������������������������������������������������������������������������������������������������������������������������������������������������������������	usr\lib\ipkg\info\onlive.control
560	file	530	07777	0	0	356	1604275419	65535	4294901760	����������������������������������������������������������������������������������������������������������������������������������������������������������������	usr\lib\ipkg\info\onlive.list
561	file	530	07777	0	0	201	1587236059	65535	4294901760	����������������������������������������������������������������������������������������������������������������������������������������������������������������	usr\lib\ipkg\info\oltools.control
562	file	530	07777	0	0	71	1604275419	65535	4294901760	����������������������������������������������������������������������������������������������������������������������������������������������������������������	usr\lib\ipkg\info\expat.list
563	file	530	07777	0	0	192	1604275419	65535	4294901760	����������������������������������������������������������������������������������������������������������������������������������������������������������������	usr\lib\ipkg\info\initmethod-bbinit.list
564	file	530	07777	0	0	39	1604275419	65535	4294901760	����������������������������������������������������������������������������������������������������������������������������������������������������������������	usr\lib\ipkg\info\gcclibs.list
565	file	530	07777	0	0	238	1597197531	65535	4294901760	����������������������������������������������������������������������������������������������������������������������������������������������������������������	usr\lib\ipkg\info\libdaemon.control
566	file	530	07777	0	0	15	1604275419	65535	4294901760	����������������������������������������������������������������������������������������������������������������������������������������������������������������	usr\lib\ipkg\info\oltools.list
567	file	530	07777	0	0	56	1604275419	65535	4294901760	����������������������������������������������������������������������������������������������������������������������������������������������������������������	usr\lib\ipkg\info\i2c-tools.list
568	file	530	07777	0	0	65	1604275419	65535	4294901760	����������������������������������������������������������������������������������������������������������������������������������������������������������������	usr\lib\ipkg\info\module-init-tools.list
569	file	530	07777	0	0	4147	1604275419	65535	4294901760	����������������������������������������������������������������������������������������������������������������������������������������������������������������	usr\lib\ipkg\info\kernel-modules.list
570	file	530	07777	0	0	201	1572162779	65535	4294901760	����������������������������������������������������������������������������������������������������������������������������������������������������������������	usr\lib\ipkg\info\ser2net.control
571	file	530	07777	0	0	236	1600212187	65535	4294901760	����������������������������������������������������������������������������������������������������������������������������������������������������������������	usr\lib\ipkg\info\rootfs.control
572	file	530	07777	0	0	687	1604275419	65535	4294901760	����������������������������������������������������������������������������������������������������������������������������������������������������������������	usr\lib\ipkg\info\bluez-utils.list
573	file	530	07777	0	0	239	1596148955	65535	4294901760	����������������������������������������������������������������������������������������������������������������������������������������������������������������	usr\lib\ipkg\info\mtd-utils.control
574	file	530	07777	0	0	231	1592937691	65535	4294901760	����������������������������������������������������������������������������������������������������������������������������������������������������������������	usr\lib\ipkg\info\dbus.control
575	file	530	07777	0	0	263	1604275419	65535	4294901760	����������������������������������������������������������������������������������������������������������������������������������������������������������������	usr\lib\ipkg\info\glibc.list
576	symlink	506	07777	0	0	4294921435	2112834779	65280	4294967295	��libdbus-1.so.3.4.0	usr\lib\libdbus-1.so
577	file	506	07777	0	0	26448	1602833627	65535	4294901760	����������������������������������������������������������������������������������������������������������������������������������������������������������������	usr\lib\librt.so
578	symlink	506	07777	0	0	4294921435	2112834779	65280	4294967295	��libexpat.so.1.5.2	usr\lib\libexpat.so.1
579	file	506	07777	0	0	68544	1596148955	65535	4294901761	����������������������������������������������������������������������������������������������������������������������������������������������������������������	usr\lib\libz.so.1.2.3
580	symlink	506	07777	0	0	4294921435	2112834779	65280	4294967295	��libdbus-1.so.3.4.0	usr\lib\libdbus-1.so.3
581	file	506	07777	0	0	68452	1602833627	65535	4294901761	����������������������������������������������������������������������������������������������������������������������������������������������������������������	usr\lib\libnsl.so
582	file	506	07777	0	0	119972	1592937691	65535	4294901761	����������������������������������������������������������������������������������������������������������������������������������������������������������������	usr\lib\libexpat.so.1.5.2
583	symlink	506	07777	0	0	4294921435	2112834779	65280	4294967295	��libbluetooth.so.2.11.2	usr\lib\libbluetooth.so.2
584	file	506	07777	0	0	21848	1602833627	65535	4294901760	����������������������������������������������������������������������������������������������������������������������������������������������������������������	usr\lib\libcrypt.so
585	symlink	506	07777	0	0	4294921435	2112834779	65280	4294967295	��libz.so.1.2.3	usr\lib\libz.so.1
586	file	506	07777	0	0	105503	2113227995	65535	4294901761	����������������������������������������������������������������������������������������������������������������������������������������������������������������	usr\lib\libol_input.so
587	symlink	506	07777	0	0	4294921435	2113031387	65280	4294967295	��/usr/lib/libnss_dns.so	usr\lib\libnss_dns.so.2
588	symlink	506	07777	0	0	4294921435	2113031387	65280	4294967295	��/usr/lib/libnsl.so	usr\lib\libnsl.so.1
589	file	506	07777	0	0	865772	1602833627	65535	4294901773	����������������������������������������������������������������������������������������������������������������������������������������������������������������	usr\lib\libstdc++.so
590	symlink	506	07777	0	0	4294921435	2113031387	65280	4294967295	��/usr/lib/librt.so	usr\lib\librt.so.1
591	symlink	506	07777	0	0	4294921435	2113031387	65280	4294967295	��/usr/lib/libdl.so	usr\lib\libdl.so.2
592	file	506	07777	0	0	649016	1602833627	65535	4294901769	����������������������������������������������������������������������������������������������������������������������������������������������������������������	usr\lib\libm.so
593	file	506	07777	0	0	16452	1597197531	65535	4294901760	����������������������������������������������������������������������������������������������������������������������������������������������������������������	usr\lib\libdaemon.so.0.3.1
594	file	506	07777	0	0	38352	1602833627	65535	4294901760	����������������������������������������������������������������������������������������������������������������������������������������������������������������	usr\lib\libnss_files.so
595	symlink	506	07777	0	0	4294921435	2113031387	65280	4294967295	��/usr/lib/libresolv.so	usr\lib\libresolv.so.2
596	symlink	506	07777	0	0	4294921435	2112834779	65280	4294967295	��libdaemon.so.0.3.1	usr\lib\libdaemon.so
597	file	506	07777	0	0	9588	1602833627	65535	4294901760	����������������������������������������������������������������������������������������������������������������������������������������������������������������	usr\lib\libdl.so
598	file	506	07777	0	0	78744	1592937691	65535	4294901761	����������������������������������������������������������������������������������������������������������������������������������������������������������������	usr\lib\libbluetooth.so.2.11.2
599	symlink	506	07777	0	0	4294921435	2113031387	65280	4294967295	��/usr/lib/libstdc++.so	usr\lib\libstdc++.so.6
600	symlink	506	07777	0	0	4294921435	2113031387	65280	4294967295	��/lib/libgcc_s.so	usr\lib\libgcc_s.so.1
601	file	506	07777	0	0	2052942	2113227995	65535	4294901791	����������������������������������������������������������������������������������������������������������������������������������������������������������������	usr\lib\libPE.so
602	dir	505	07777	0	0	4294921435	1604209883	65535	4294967295	����������������������������������������������������������������������������������������������������������������������������������������������������������������	usr\bin
603	file	602	07777	0	0	4284	1592937691	65535	4294901760	����������������������������������������������������������������������������������������������������������������������������������������������������������������	usr\bin\hcisecfilter
604	symlink	602	07777	0	0	4294921435	2113031387	65280	4294967295	��/bin/busybox	usr\bin\cut
605	symlink	602	07777	0	0	4294921435	2113031387	65280	4294967295	��/bin/busybox	usr\bin\tr
606	symlink	602	07777	0	0	4294921435	2113031387	65280	4294967295	��/bin/busybox	usr\bin\nc
607	symlink	602	07777	0	0	4294921435	2113031387	65280	4294967295	��/bin/busybox	usr\bin\du
608	symlink	602	07777	0	0	4294921435	2113031387	65280	4294967295	��/bin/busybox	usr\bin\tail
609	file	602	07777	0	0	806	1593003227	65535	4294901760	����������������������������������������������������������������������������������������������������������������������������������������������������������������	usr\bin\test-network
610	file	602	07777	0	0	995	1593003227	65535	4294901760	����������������������������������������������������������������������������������������������������������������������������������������������������������������	usr\bin\test-discovery
611	file	602	07777	0	0	29016	1602768091	65535	4294901760	����������������������������������������������������������������������������������������������������������������������������������������������������������������	usr\bin\md5sum
612	file	602	07777	0	0	63048	1592937691	65535	4294901760	����������������������������������������������������������������������������������������������������������������������������������������������������������������	usr\bin\sdptool
613	symlink	602	07777	0	0	4294921435	2113031387	65280	4294967295	��/bin/busybox	usr\bin\test
614	symlink	602	07777	0	0	4294921435	2113031387	65280	4294967295	��/bin/busybox	usr\bin\awk
615	symlink	602	07777	0	0	4294921435	2113031387	65280	4294967295	��/bin/busybox	usr\bin\time
616	symlink	602	07777	0	0	4294921435	2113031387	65280	4294967295	��/bin/busybox	usr\bin\kbd_mode
617	file	602	07777	0	0	3104	1593003227	65535	4294901760	����������������������������������������������������������������������������������������������������������������������������������������������������������������	usr\bin\test-device
618	file	602	07777	0	0	10532	1592937691	65535	4294901760	����������������������������������������������������������������������������������������������������������������������������������������������������������������	usr\bin\l2ping
619	file	602	07777	0	0	6848	1592937691	65535	4294901760	����������������������������������������������������������������������������������������������������������������������������������������������������������������	usr\bin\dbus-cleanup-sockets
620	symlink	602	07777	0	0	4294921435	2113031387	65280	4294967295	��/bin/busybox	usr\bin\wc
621	file	602	07777	0	0	13020	1592937691	65535	4294901760	����������������������������������������������������������������������������������������������������������������������������������������������������������������	usr\bin\dbus-send
622	file	602	07777	0	0	1218	1592937691	65535	4294901760	����������������������������������������������������������������������������������������������������������������������������������������������������������������	usr\bin\list-devices
623	file	602	07777	0	0	264544	1592937691	65535	4294901764	����������������������������������������������������������������������������������������������������������������������������������������������������������������	usr\bin\dbus-daemon
624	symlink	602	07777	0	0	4294921435	2113031387	65280	4294967295	��/bin/busybox	usr\bin\killall
625	symlink	602	07777	0	0	4294921435	2113031387	65280	4294967295	��/bin/busybox	usr\bin\expr
626	symlink	602	07777	0	0	4294921435	2113031387	65280	4294967295	��/bin/busybox	usr\bin\wget
627	file	602	07777	0	0	4840	1592937691	65535	4294901760	����������������������������������������������������������������������������������������������������������������������������������������������������������������	usr\bin\dbus-uuidgen
628	file	602	07777	0	0	337	1593003227	65535	4294901760	����������������������������������������������������������������������������������������������������������������������������������������������������������������	usr\bin\hsmicro
629	file	602	07777	0	0	9876	1592937691	65535	4294901760	����������������������������������������������������������������������������������������������������������������������������������������������������������������	usr\bin\avinfo
630	symlink	602	07777	0	0	4294921435	2112965851	65280	4294967295	��/bin/busybox	usr\bin\free
631	symlink	602	07777	0	0	4294921435	2112965851	65280	4294967295	��/bin/busybox	usr\bin\nslookup
632	symlink	602	07777	0	0	4294921435	2112965851	65280	4294967295	��/bin/busybox	usr\bin\uptime
633	symlink	602	07777	0	0	4294921435	2112965851	65280	4294967295	��/bin/busybox	usr\bin\passwd
634	file	602	07777	0	0	51160	1572162779	65535	4294901760	����������������������������������������������������������������������������������������������������������������������������������������������������������������	usr\bin\ser2net
635	symlink	602	07777	0	0	4294921435	2112965851	65280	4294967295	��/bin/busybox	usr\bin\mesg
636	file	602	07777	0	0	44476	1592937691	65535	4294901760	����������������������������������������������������������������������������������������������������������������������������������������������������������������	usr\bin\hcitool
638	file	602	07777	0	0	12584	1593003227	65535	4294901760	����������������������������������������������������������������������������������������������������������������������������������������������������������������	usr\bin\scotest
639	file	602	07777	0	0	13524	1592937691	65535	4294901760	����������������������������������������������������������������������������������������������������������������������������������������������������������������	usr\bin\dbus-launch
640	symlink	602	07777	0	0	4294921435	2112965851	65280	4294967295	��/bin/busybox	usr\bin\clear
641	symlink	602	07777	0	0	4294921435	2112965851	65280	4294967295	��/bin/busybox	usr\bin\tftp
642	file	602	07777	0	0	595	1593003227	65535	4294901760	����������������������������������������������������������������������������������������������������������������������������������������������������������������	usr\bin\test-manager
643	file	602	07777	0	0	369	1593003227	65535	4294901760	����������������������������������������������������������������������������������������������������������������������������������������������������������������	usr\bin\hsplay
644	symlink	602	07777	0	0	4294921435	2112965851	65280	4294967295	��/bin/busybox	usr\bin\basename
645	symlink	602	07777	0	0	4294921435	2112965851	65280	4294967295	��/bin/busybox	usr\bin\hexdump
646	symlink	602	07777	0	0	4294921435	2112965851	65280	4294967295	��/bin/busybox	usr\bin\dirname
647	file	602	07777	0	0	8000	1593003227	65535	4294901760	����������������������������������������������������������������������������������������������������������������������������������������������������������������	usr\bin\setSil9034
648	symlink	602	07777	0	0	4294921435	2112965851	65280	4294967295	��/bin/busybox	usr\bin\[[
649	file	602	07777	0	0	6152	1592937691	65535	4294901760	����������������������������������������������������������������������������������������������������������������������������������������������������������������	usr\bin\ppporc
650	file	602	07777	0	0	904	1593003227	65535	4294901760	����������������������������������������������������������������������������������������������������������������������������������������������������������������	usr\bin\test-input
651	symlink	602	07777	0	0	4294921435	2112965851	65280	4294967295	��/bin/busybox	usr\bin\mkfifo
652	file	602	07777	0	0	7336	1593003227	65535	4294901760	����������������������������������������������������������������������������������������������������������������������������������������������������������������	usr\bin\hstest
653	symlink	602	07777	0	0	4294921435	2112965851	65280	4294967295	��/bin/busybox	usr\bin\traceroute
654	file	602	07777	0	0	9904	1592937691	65535	4294901760	����������������������������������������������������������������������������������������������������������������������������������������������������������������	usr\bin\dbus-monitor
655	symlink	602	07777	0	0	4294921435	2112965851	65280	4294967295	��/bin/busybox	usr\bin\reset
656	file	602	07777	0	0	11348	1592937691	65535	4294901760	����������������������������������������������������������������������������������������������������������������������������������������������������������������	usr\bin\ciptool
657	file	602	07777	0	0	31024	1592937691	65535	4294901760	����������������������������������������������������������������������������������������������������������������������������������������������������������������	usr\bin\rfcomm
658	symlink	602	07777	0	0	4294921435	2112965851	65280	4294967295	��/bin/busybox	usr\bin\yes
659	symlink	602	07777	0	0	4294921435	2112965851	65280	4294967295	��/bin/busybox	usr\bin\cmp
660	symlink	602	07777	0	0	4294921435	2112965851	65280	4294967295	��/bin/busybox	usr\bin\find
661	file	602	07777	0	0	253	1593003227	65535	4294901760	����������������������������������������������������������������������������������������������������������������������������������������������������������������	usr\bin\test-audio
662	symlink	602	07777	0	0	4294921435	2112965851	65280	4294967295	��/bin/busybox	usr\bin\renice
663	symlink	602	07777	0	0	4294921435	2112965851	65280	4294967295	��/bin/busybox	usr\bin\resize
664	symlink	602	07777	0	0	4294921435	2112965851	65280	4294967295	��/bin/busybox	usr\bin\[
665	file	602	07777	0	0	2111	1593003227	65535	4294901760	����������������������������������������������������������������������������������������������������������������������������������������������������������������	usr\bin\test-adapter
666	dir	505	07777	0	0	4294921435	1604209883	65535	4294967295	����������������������������������������������������������������������������������������������������������������������������������������������������������������	usr\share
667	dir	666	07777	0	0	4294921435	1604209883	65535	4294967295	����������������������������������������������������������������������������������������������������������������������������������������������������������������	usr\share\udhcpc
668	symlink	667	07777	0	0	4294921435	2112965851	65280	4294967295	��/etc/udhcpc.script	usr\share\udhcpc\default.script
669	dir	505	07777	0	0	4294921435	1604209883	65535	4294967295	����������������������������������������������������������������������������������������������������������������������������������������������������������������	usr\sbin
670	file	669	07777	0	0	252576	1592937691	65535	4294901763	����������������������������������������������������������������������������������������������������������������������������������������������������������������	usr\sbin\hcid
671	file	669	07777	0	0	105872	1592937691	65535	4294901761	����������������������������������������������������������������������������������������������������������������������������������������������������������������	usr\sbin\hciconfig
672	file	669	07777	0	0	23724	1597197531	65535	4294901760	����������������������������������������������������������������������������������������������������������������������������������������������������������������	usr\sbin\ifplugd
673	file	669	07777	0	0	10736	1597197531	65535	4294901760	����������������������������������������������������������������������������������������������������������������������������������������������������������������	usr\sbin\ifplugstatus
674	symlink	669	07777	0	0	4294921435	2112965851	65280	4294967295	��/bin/busybox	usr\sbin\chroot
675	symlink	669	07777	0	0	4294921435	2112965851	65280	4294967295	��/bin/busybox	usr\sbin\fbset
676	file	669	07777	0	0	27496	1592937691	65535	4294901760	����������������������������������������������������������������������������������������������������������������������������������������������������������������	usr\sbin\hciattach
677	dir	1	07777	0	0	4294921435	1600212187	65535	4294967295	����������������������������������������������������������������������������������������������������������������������������������������������������������������	tmp
678	dir	1	07777	0	0	4294921435	1600212187	65535	4294967295	����������������������������������������������������������������������������������������������������������������������������������������������������������������	root
679	dir	1	07777	0	0	4294921435	1604209883	65535	4294967295	����������������������������������������������������������������������������������������������������������������������������������������������������������������	sbin
680	file	679	07777	0	0	12516	1596148955	65535	4294901760	����������������������������������������������������������������������������������������������������������������������������������������������������������������	sbin\nandwrite
681	file	679	07777	0	0	6372	1600212187	65535	4294901760	����������������������������������������������������������������������������������������������������������������������������������������������������������������	sbin\insmod
682	file	679	07777	0	0	11320	1596214491	65535	4294901760	����������������������������������������������������������������������������������������������������������������������������������������������������������������	sbin\i2cget
683	symlink	679	07777	0	0	4294921435	2112965851	65280	4294967295	��/bin/busybox	sbin\watchdog
684	file	679	07777	0	0	11860	1596214491	65535	4294901760	����������������������������������������������������������������������������������������������������������������������������������������������������������������	sbin\i2cdetect
685	symlink	679	07777	0	0	4294921435	2112965851	65280	4294967295	��/bin/busybox	sbin\getty
686	symlink	679	07777	0	0	4294921435	2112900315	65280	4294967295	��/bin/busybox	sbin\syslogd
687	file	679	07777	0	0	14900	1596214491	65535	4294901760	����������������������������������������������������������������������������������������������������������������������������������������������������������������	sbin\i2cdump
688	file	679	07777	0	0	10716	1600212187	65535	4294901760	����������������������������������������������������������������������������������������������������������������������������������������������������������������	sbin\modinfo
689	symlink	679	07777	0	0	4294921435	2112900315	65280	4294967295	��/bin/busybox	sbin\ifdown
690	symlink	679	07777	0	0	4294921435	2112900315	65280	4294967295	��/bin/busybox	sbin\route
691	symlink	679	07777	0	0	4294921435	2112900315	65280	4294967295	��/bin/busybox	sbin\ifconfig
692	symlink	679	07777	0	0	4294921435	2112900315	65280	4294967295	��/bin/busybox	sbin\mdev
693	file	679	07777	0	0	6584	1587236059	65535	4294901760	����������������������������������������������������������������������������������������������������������������������������������������������������������������	sbin\read1731
694	symlink	679	07777	0	0	4294921435	2112900315	65280	4294967295	��/bin/busybox	sbin\start-stop-daemon
695	file	679	07777	0	0	8600	1596148955	65535	4294901760	����������������������������������������������������������������������������������������������������������������������������������������������������������������	sbin\nanddump
696	file	679	07777	0	0	40876	1596148955	65535	4294901760	����������������������������������������������������������������������������������������������������������������������������������������������������������������	sbin\mkfs.jffs2
697	symlink	679	07777	0	0	4294921435	2112900315	65280	4294967295	��/bin/busybox	sbin\ifup
698	symlink	679	07777	0	0	4294921435	2112900315	65280	4294967295	��/bin/busybox	sbin\mkfs.minix
699	symlink	679	07777	0	0	4294921435	2112900315	65280	4294967295	��/bin/busybox	sbin\udhcpc
700	file	679	07777	0	0	8880	1600212187	65535	4294901760	����������������������������������������������������������������������������������������������������������������������������������������������������������������	sbin\rmmod
702	file	679	07777	0	0	32300	1600212187	65535	4294901760	����������������������������������������������������������������������������������������������������������������������������������������������������������������	sbin\modprobe
703	symlink	679	07777	0	0	4294921435	2112900315	65280	4294967295	��/bin/busybox	sbin\poweroff
704	symlink	679	07777	0	0	4294921435	2112900315	65280	4294967295	��/bin/busybox	sbin\logread
705	symlink	679	07777	0	0	4294921435	2112900315	65280	4294967295	��/bin/busybox	sbin\adjtimex
706	symlink	679	07777	0	0	4294921435	2112900315	65280	4294967295	��/bin/busybox	sbin\hwclock
707	file	679	07777	0	0	3792	1596148955	65535	4294901760	����������������������������������������������������������������������������������������������������������������������������������������������������������������	sbin\flash_eraseall
708	symlink	679	07777	0	0	4294921435	2112900315	65280	4294967295	��/bin/busybox	sbin\reboot
709	symlink	679	07777	0	0	4294921435	2112900315	65280	4294967295	��/bin/busybox	sbin\losetup
710	symlink	679	07777	0	0	4294921435	2112900315	65280	4294967295	��/bin/busybox	sbin\init
711	symlink	679	07777	0	0	4294921435	2112900315	65280	4294967295	��/bin/busybox	sbin\halt
712	dir	1	07777	0	0	4294921435	1604209883	65535	4294967295	����������������������������������������������������������������������������������������������������������������������������������������������������������������	dev
713	file	712	07777	0	0	19675	1604275419	65535	4294901760	����������������������������������������������������������������������������������������������������������������������������������������������������������������	dev\console
714	file	712	07777	0	0	19675	1604275419	65535	4294901760	����������������������������������������������������������������������������������������������������������������������������������������������������������������	dev\null
715	file	712	07777	0	0	19675	1604275419	65535	4294901760	����������������������������������������������������������������������������������������������������������������������������������������������������������������	dev\zero
